company_name,website,product_category,primary_use_case,target_customer,free_plan,starting_price_usd,billing_model,ai_features,collaboration_features,mobile_app,platforms,integrations,key_differentiator,notes,data_confidence,source_status,last_checked
TaskPilot Pro,https://taskpilotpro.example,Project & Task Management,Team to-do lists with AI-planned daily schedules,Small Teams / SMB,Yes (up to 3 projects),9.99,Per user / month (annual discount available),Yes - daily plan generator and smart prioritization,Yes - shared projects and comments,Yes,Web / iOS / Android / Windows / macOS,40+ (Slack Google Workspace Zapier),AI daily plan generator,Duplicate directory listing (R21) merged during cleaning,High,Cross-checked (2 sources),2026-08-15
NoteNest,https://notenest.example,Knowledge & Documents,Personal notes and knowledge base with AI search,Individuals & Freelancers,Yes (limited),4.99,Per user / month,Yes - semantic search and auto-summaries,Yes - shared notebooks,Yes,Web / iOS / Android / Windows / macOS,25+ (Google Drive Notion-style embeds),Offline-first notes with AI backlinks,Duplicate review-site record (R22) merged during cleaning,High,Cross-checked (2 sources),2026-08-04
FlowDesk,https://flowdesk.example,All-in-One Workspaces,Docs tasks and databases combined in one workspace,Small Teams / SMB,Yes (limited),12.00,Per user / month (annual discount available),Yes - workspace-wide AI assistant,Yes - real-time co-editing,Yes,Web / iOS / Android,30+ (Slack GitHub Figma),Docs + tasks + databases in one hub,Source price confirmed as annual-billing rate,High,Cross-checked (2 sources),2026-07-28
MindMesh,https://mindmesh.example,Knowledge & Documents,Visual brainstorming and whiteboarding,Individuals & Freelancers,Trial only (14 days),8.00,Per user / month,Yes - AI idea clustering (beta),Yes - live shared boards,Yes,Web / iOS / Windows / macOS,12 (Miro-style import),AI-assisted idea clustering,Pricing confirmed from a single source only,Medium,Single source,2026-09-15
Scheduly,https://scheduly.example,Communication & Meetings,Appointment scheduling with smart time suggestions,Individuals & Freelancers,Yes,6.50,Per user / month,Yes - smart meeting-time suggestions,Yes - team availability pools,Yes,Web / iOS / Android,15 (Google Calendar Outlook Zoom),Availability pooling for small teams,,High,Cross-checked (2 sources),2026-06-30
DocuFlow,https://docuflow.example,Knowledge & Documents,Collaborative documents with AI drafting support,Mixed (Individuals to Enterprise),Yes (limited),7.00,Per user / month (annual discount available),Yes - draft generation and grammar,Yes - real-time co-editing and comments,Yes,Web / iOS / Android / Windows / macOS,35+ (Google Workspace Slack),AI drafting inside collaborative docs,Source reports a broad target range (Individuals to Enterprise),High,Cross-checked (2 sources),2026-07-22
TeamSync,https://teamsync.example,Communication & Meetings,Team chat with AI thread summaries,Small Teams / SMB,Trial only (14 days),7.25,Per user / month (annual discount available),Yes - AI thread summaries,Yes - core chat product,Yes,Web / iOS / Android / Windows / macOS,50+ (Slack-compatible app directory),AI summaries across chat threads,,High,Cross-checked (2 sources),2026-05-19
FocusForge,https://focusforge.example,Time & Focus,Focus timer with personal productivity analytics,Individuals & Freelancers,Yes (basic timer),5.00,Per user / month,Yes - focus-pattern insights,Limited - shared reports only,Yes,Web / iOS / Android / macOS,8 (Trello Slack),Personal analytics from focus sessions,Price format unclear on source; monthly assumed,Medium,Single source,2026-08-02
InBoxZero,https://inboxzero.example,Email & Automation,AI email triage and shared-inbox management,Small Teams / SMB,No (14-day trial),10.00,Per user / month (annual discount available),Yes - smart triage and reply drafts,Yes - shared inboxes with assignment,Yes,Web / iOS / Android,20 (Gmail Outlook Slack),Shared-inbox AI triage,,High,Cross-checked (2 sources),2026-09-01
MeetMate,https://meetmate.example,Communication & Meetings,Meeting transcription with AI action items,Mixed (Individuals to Enterprise),Yes (5 meetings/mo),15.00,Per user / month (annual discount available),Yes - transcription and action items,Yes - shared meeting notes,Yes,Web / iOS / Android / macOS,25 (Zoom Google Meet Slack),Action items extracted from calls,,High,Cross-checked (2 sources),2026-08-21
PlanCraft,https://plancraft.example,Project & Task Management,Project planning with AI timeline forecasts,Mid-Market,No (demo on request),11.50,Per user / month (annual discount available),Yes - risk flags and timeline forecasts,Yes - plans Gantt and workload views,Yes,Web / iOS / Android / Windows,45 (Jira import Slack),AI timeline risk forecasting,,High,Cross-checked (2 sources),2026-07-11
WriteWise,https://writewise.example,Writing & Content AI,Long-form drafting with tone and rewrite tools,Individuals & Freelancers,Trial only (7 days),12.99,Per user / month,Yes - core product (drafting and tone),Limited - comments only,Yes,Web / iOS,6 (Google Docs WordPress),Tone control for long-form writing,,High,Cross-checked (2 sources),2026-09-15
ChronoBase,https://chronobase.example,Time & Focus,Time tracking with client invoicing,Individuals & Freelancers,Trial only (14 days),9.00,Per user / month (annual billing only),No (AI reporting on roadmap),Limited - shared timesheets,Yes,Web / iOS / Android / Windows / macOS,14 (QuickBooks FreshBooks),Time tracking tied to invoicing,Price converted from $108/user/year (annual billing only),Medium,Single source,2026-06-05
Kanbanly,https://kanbanly.example,Project & Task Management,Simple kanban boards for small teams,Small Teams / SMB,Yes (limited),5.50,Per user / month (annual discount available),No,Yes - boards cards and assignments,Yes,Web / iOS / Android,18 (Slack Google Drive),Lowest-priced full kanban board in sample,,High,Cross-checked (2 sources),2026-08-30
SummarEase,https://summarease.example,Writing & Content AI,Summarize documents links and transcripts,Individuals & Freelancers,Yes (daily cap),6.99,Flat monthly (not per user),Yes - core product (summarization),Limited - shared folders,No,Web,5 (Chrome extension Zapier),Flat pricing regardless of seats,Web-only; no mobile app as of last check,Medium,Single source,2026-09-09
WorkWhale,https://workwhale.example,All-in-One Workspaces,Workspace combining docs tasks and chat,Mid-Market,Yes (limited),14.00,Per user / month (annual discount available),Yes - AI assistant (details unclear),Yes - docs tasks and chat,Yes,Web / iOS / Android,22 (Slack GitHub Notion import),Broadest bundled feature set in sample,CONFLICT: $14/user/mo (official pricing page) vs $12 (directory listing) - unresolved,Needs verification,Conflicting sources,2026-09-20
GoalGrid,https://goalgrid.example,Client & Goal Management,OKR tracking with AI goal-health signals,Mid-Market,Trial only (21 days),13.00,Per user / month (annual discount available),Yes - goal-health predictions,Yes - OKR check-ins,Yes,Web / iOS / Android (platform list unclear),12 (Slack Jira),Predictive goal-health scoring,Mobile platform availability unclear on source,Needs verification,Single source,2026-07-19
AutoMateHQ,https://automatehq.example,Email & Automation,No-code workflow automation with natural-language builder,Small Teams / SMB,Yes (limited runs),19.99,Per user / month (annual discount available),Yes - natural-language automation builder,Limited - shared workflows,No,Web,90+ (Slack Gmail Notion HubSpot),Deepest automation catalog in sample,,High,Cross-checked (2 sources),2026-08-27
ClientDesk,https://clientdesk.example,Client & Goal Management,Client pipeline and updates for solo consultants,Individuals & Freelancers,Yes (limited),16.00,Per user / month (annual discount available),Yes - client update drafts,Limited - team seats,Yes,Web / iOS / Android,10 (Gmail Stripe),Freelancer CRM with AI status updates,,High,Cross-checked (2 sources),2026-09-25
SprintBoard,https://sprintboard.example,Project & Task Management,Agile sprints and retrospectives for dev teams,Mid-Market,Yes (1 project),8.50,Per user / month (annual discount available),No,Yes - sprints retros and burndown charts,Yes,Web / iOS / Android / Windows,30 (GitHub GitLab Slack),Built-in retros and burndown charts,,High,Cross-checked (2 sources),2026-08-16
