record_id,source_name,website,category,description,pricing,free_plan,ai_features,collaboration,mobile,platforms,integrations,target_customer,differentiator,notes,last_checked,source_type
R01,TASKPILOT PRO,https://taskpilotpro.example,task manager,"TASKPILOT PRO is an AI-powered AI task manager for busy teams. Plan your day with AI-powered daily planning.",$9.99 monthly / maybe annual discount,Y,AI daily plans + smart priority,shared projects and comments,yes / ios android probably,"iOS, Android, Web, Windows, macOS",40+ incl Slack Google Zapier,small teams & SMBs,AI daily plan generator,pricing page and review site agree,2026-08-14,Product website
R02,note nest,https://notenest.example,Notes / PKM,"note nest is a note taking app for individuals. Offline-first notes with AI backlinks and semantic search. AI backlinks!",USD 4.99 per user / month,yes,semantic search + auto summary,shared notebooks,iOS & Android apps available,not listed,Google Drive + Notion-style embeds,freelancers + solo users,offline-first + AI backlinks,,Aug 3 2026,Product website
R03,FlowDesk,https://flowdesk.example,Productivity Suite,"All-in-one workspace: docs tasks and databases in one hub. Workspace-wide AI assistant included.",$12/user/month (billed annually),Free tier available (limited),workspace AI assistant,yes - real time,yes,web ios android,30+,small-to-mid teams,docs + tasks + databases in one hub,annual price confirmed on pricing page,2026/07/28,Product website
R04,MindMesh AI,https://mindmesh.example,whiteboard / mindmapping,Visual thinking canvas for brainstorming sessions and workshops.,$8 per seat monthly,N - 14 day trial,auto-cluster ideas (beta),live boards,iOS app - android ?,Web iOS Windows macOS,unsure,designers & consultants,AI idea clustering,single source for price,15 Sept 2026,Review site
R05,scheduly,https://scheduly.example,Scheduling,Appointment scheduling for freelancers with smart time suggestions.,$6.50 /mo per user,yes,smart time suggestions,team availability pools,yes - ios android,,Google Calendar Outlook Zoom,freelancers,availability pooling,,2026-06-30,Product website
R06,DocuFlow Docs,https://docuflow.example,Documents,"Real-time collaborative documents with AI drafting and grammar assistance.",Free - $7 per user/mo,Y,draft generation + grammar,real-time co-editing,yes,Web iOS Android Windows macOS,35+ incl Google Workspace Slack,individuals to enterprise,AI drafting inside collaborative docs,target range broad,07/22/2026,Product website
R07,TeamSync Chat,https://teamsync.example,Team chat,Team chat with AI thread summaries.,$7.25 per user monthly,no (14-day trial),thread summaries,native,yes,Web iOS Android Windows macOS,50+,small teams,AI summaries across threads,,2026-05-19,Product website
R08,focusforge,https://focusforge.example,time tracking / focus,Focus timer and personal analytics.,5 USD/mo,basic free timer,focus pattern insights,shared reports only,yes,Web iOS Android macOS,Trello Slack,individuals,personal analytics,price format unclear - monthly assumed,2026-08-02,Directory listing
R09,INBOXZERO,https://inboxzero.example,Email,Email triage and shared inbox management with AI.,$10 per user / month annual available,No - 14 day trial only,smart triage + reply drafts,shared inboxes,yes,Web iOS Android,Gmail Outlook Slack (20 total),SMB support teams,shared-inbox AI triage,,2026-09-01,Product website
R10,MeetMate,https://meetmate.example,Meeting transcription,Meeting transcription with AI action items.,Free for 5 meetings/mo then $15/user/mo,yes (limited),transcription + action items,shared meeting notes,yes,Web iOS Android macOS,Zoom Google Meet Slack,mixed - individuals to enterprise,action items extracted from calls,,2026-08-21,Product website
R11,PlanCraft PM,https://plancraft.example,project management,Project planning with AI timeline forecasts.,$11.50 monthly per user,trial,timeline forecasts & risk flags,yes,yes,Web iOS Android Windows,Jira import Slack (45),mid-market,AI timeline risk forecasting,no free tier - demo on request,2026-07-11,Product website
R12,WriteWise AI,https://writewise.example,AI writing,Long-form drafting with tone and rewrite tools.,from $12.99/user/mo,trial only,core - drafting + tone,comments only,iOS + web,Web iOS,Google Docs WordPress,writers + freelancers,tone control for long-form,,2026-09-15,Product website
R13,ChronoBase,https://chronobase.example,time tracking & invoicing,Time tracking with client invoicing.,$108 per user billed yearly,no - trial,none (roadmap mentions AI reports),limited,yes,Web iOS Android Windows macOS,QuickBooks FreshBooks,freelancers,time tracking tied to invoicing,convert yearly price to monthly for comparison,2026-06-05,Product website
R14,kanbanly,https://kanbanly.example,kanban boards,Simple kanban boards for small teams.,$5.50 per user monthly,yes,none,yes,yes,Web iOS Android,Slack Google Drive,small teams,lowest-priced full kanban in sample,,2026-08-30,Directory listing
R15,SummarEase,https://summarease.example,AI summarizer,Summarize documents links and transcripts.,flat $6.99 monthly (not per user),yes (daily limit),core - summarize docs & links,limited,no - web only,Web,Chrome extension Zapier,individuals,flat pricing,,2026-09-09,Product website
R16,WorkWhale,https://workwhale.example,all-in-one workspace,Workspace combining docs tasks and chat.,$14/user/mo on pricing page - $12 listed on directory,yes,AI assistant (details unclear),yes,yes,Web iOS Android,22,mid-market,broadest bundled feature set,CONFLICT - needs verification,2026-09-20,Pricing page + directory
R17,GoalGrid OKR,https://goalgrid.example,OKR software,OKR tracking with AI goal-health signals.,$13/user/mo,21-day trial,goal health predictions,yes,yes? platform list unclear,unclear - web confirmed,Slack Jira,mid-market,predictive goal-health scoring,platforms unclear,2026-07-19,Product website
R18,AUTOMATEHQ,https://automatehq.example,workflow automation,No-code workflow automation with natural language builder.,19.99 USD per user monthly,yes - limited runs,natural language automation builder,shared workflows,no,Web,90+ (Slack Gmail Notion HubSpot),small teams & ops,deepest automation catalog,,2026-08-27,Product website
R19,ClientDesk,https://clientdesk.example,CRM for freelancers,Client pipeline and updates for solo consultants.,$16/user monthly,yes,client update drafts,team seats,yes,Web iOS Android,Gmail Stripe,freelancers & solo consultants,freelancer CRM with AI updates,,2026-09-25,Product website
R20,SprintBoard,https://sprintboard.example,agile / scrum,Agile sprints and retros for dev teams.,$8.50 per user / mo,yes - 1 project,none found,yes - sprints,yes,Web iOS Android Windows,GitHub GitLab Slack,mid-market dev teams,built-in retros and burndown charts,,2026-08-16,Product website
R21,taskpilot,https://taskpilotpro.example,To-Do & Task Management,TaskPilot is a smart to-do app for teams with AI planning. AI-powered daily planning.,9.99 USD monthly,free,AI planning,,ios android,,Slack - Google,SMBs,,possible duplicate of R01 - confirm,2026-08-15,Directory listing
R22,Note Nest,https://notenest.example,note-taking,Note Nest: notes app with offline support.,$4.99 /user/month,y,,,ios/android,,,individuals,,appears to duplicate R02,2026-08-04,Review site
